﻿Designator,Footprint,Quantity,Value,LCSC Part #
BATTERY,ILG2pin,1,L2,
C1,0603,1,10μF,
"C10, C12, C13, C2, C3, C5",0603,6,0.1μ,
C11,0603,1,0.1μF,
C4,0603,1,0.33μF,
"C6, C9",0603,2,2.2μF,
C7,0603,1,10μ,
C8,0603,1,0.33μ,
CAN,ILG2pin,1,~,
"D3, D5, D9",0603,3,CGRM400-G,
D4,0603,1,LED,
"J1, J2",PinHeader_1x02_P2.54mm_Vertical,2,Conn_01x02_Pin,
J4,USB_Micro-B_Molex_47346-0001,1,USB_B_Micro,
J6,JST_GH_SM04B-GHS-TB_1x04-1MP_P1.25mm_Horizontal,1,to_pitot,
J7,microSD_HC_Hirose_DM3AT-SF-PEJM5,1,Micro_SD_Card_Det_Hirose_DM3AT,
"R1, R10, R11, R12, R13, R14, R16, R2, R9",0603,9,10k,
"R15, R17",0603,2,100,
"R4, R5",0603,2,R,
R6,0603,1,120,
"R7, R8",0603,2,4.7k,
"U$1, U$3",DPAK229P990X238-4N,2,NJM2391DL1-33,
"U$2, U$4",PCAP_5x5.8-ELECT_NCA,2,UCD0J470MCL1GS,
U$5,C_Disc_D8.0mm_W5.0mm_P5.00mm,1,VEC5R4355QG-I,
U1,SOIC-8_3.9x4.9mm_P1.27mm,1,MCP2562-E-SN,
U2,ESP32-S3-WROOM-1,1,ESP32-S3-WROOM-1,
U3,SOC008_SPA,1,S25FL127SABNFI100,
U4,ST_HLGA-10_2x2mm_P0.5mm_LayoutBorder3x2y,1,LPS22HH,
